beta,ft_step_size,accept_rate,n_configs,seed
10.0,0.19,4.062500e-01,32,1029
10.0,0.15,6.562500e-01,32,1029
10.0,0.17,5.000000e-01,32,1029
