{
  "acceptance_rate": 0.81884765625,
  "backend": "jax",
  "beta": 3.0,
  "device": "gpu",
  "ft_step_size": 0.35,
  "initial_ft_step_size": 0.35,
  "lattice_size": 16,
  "model_load_time_sec": 0.1404716968536377,
  "model_tag": "base",
  "n_configs": 2048,
  "n_steps": 10,
  "n_thermalization": 200,
  "plaq_mean": 0.809110855392646,
  "rand_seed": 1029,
  "run_time_sec": 995.4265789985657,
  "save_tag": "base_train_b3.0_L16_1029",
  "step_size_tuned": false,
  "therm_acceptance_rate": 0.84,
  "thermalization_time_sec": 114.52258563041687,
  "topo_mean": -0.07275390625,
  "topo_std": 1.6387876121924299,
  "total_time_sec": 1110.0896363258362,
  "train_beta": 3.0
}
