{
  "acceptance_rate": 0.82470703125,
  "backend": "jax",
  "beta": 3.0,
  "device": "gpu",
  "ft_step_size": 0.35,
  "initial_ft_step_size": 0.35,
  "lattice_size": 16,
  "model_load_time_sec": 0.13614368438720703,
  "model_tag": "base",
  "n_configs": 2048,
  "n_steps": 10,
  "n_thermalization": 200,
  "plaq_mean": 0.8096880376106128,
  "rand_seed": 1999,
  "run_time_sec": 999.0776512622833,
  "save_tag": "base_train_b3.0_L16_1999",
  "step_size_tuned": false,
  "therm_acceptance_rate": 0.835,
  "thermalization_time_sec": 107.74046516418457,
  "topo_mean": 0.0546875,
  "topo_std": 1.631279184365371,
  "total_time_sec": 1106.954260110855,
  "train_beta": 3.0
}
