{
  "acceptance_rate": 0.818359375,
  "backend": "jax",
  "beta": 3.0,
  "device": "gpu",
  "ft_step_size": 0.35,
  "initial_ft_step_size": 0.35,
  "lattice_size": 16,
  "model_load_time_sec": 0.12421345710754395,
  "model_tag": "base",
  "n_configs": 2048,
  "n_steps": 10,
  "n_thermalization": 200,
  "plaq_mean": 0.8108894979814067,
  "rand_seed": 1984,
  "run_time_sec": 969.2290534973145,
  "save_tag": "base_train_b3.0_L16_1984",
  "step_size_tuned": false,
  "therm_acceptance_rate": 0.77,
  "thermalization_time_sec": 114.01277709007263,
  "topo_mean": 0.0673828125,
  "topo_std": 1.6968348826799824,
  "total_time_sec": 1083.3660440444946,
  "train_beta": 3.0
}
