{
  "acceptance_rate": 1.0,
  "backend": "jax",
  "beta": 1.0,
  "device": "gpu",
  "ft_step_size": 0.2,
  "lattice_size": 16,
  "model_load_time_sec": 0.03831911087036133,
  "model_tag": "base",
  "n_configs": 64,
  "n_steps": 5,
  "n_thermalization": 10,
  "plaq_mean": 0.43665435584262013,
  "rand_seed": 1029,
  "run_time_sec": 69.33963203430176,
  "save_tag": "base_train_b1.0_L16_1029",
  "therm_acceptance_rate": 1.0,
  "thermalization_time_sec": 28.691715002059937,
  "topo_mean": -0.734375,
  "topo_std": 3.3036068711901843,
  "total_time_sec": 98.06966614723206,
  "train_beta": 1.0
}
