{
  "acceptance_rate": 0.8349609375,
  "backend": "jax",
  "beta": 3.0,
  "device": "gpu",
  "ft_step_size": 0.35,
  "initial_ft_step_size": 0.35,
  "lattice_size": 16,
  "model_load_time_sec": 0.1309947967529297,
  "model_tag": "base",
  "n_configs": 2048,
  "n_steps": 10,
  "n_thermalization": 200,
  "plaq_mean": 0.8102490589080844,
  "rand_seed": 1331,
  "run_time_sec": 969.5649354457855,
  "save_tag": "base_train_b3.0_L16_1331",
  "step_size_tuned": false,
  "therm_acceptance_rate": 0.805,
  "thermalization_time_sec": 111.12888240814209,
  "topo_mean": 0.0703125,
  "topo_std": 1.6755763642232933,
  "total_time_sec": 1080.8248126506805,
  "train_beta": 3.0
}
