{
  "acceptance_rate": 0.7978515625,
  "backend": "jax",
  "beta": 3.0,
  "device": "gpu",
  "ft_step_size": 0.35,
  "initial_ft_step_size": 0.35,
  "lattice_size": 16,
  "model_load_time_sec": 0.13594770431518555,
  "model_tag": "base",
  "n_configs": 2048,
  "n_steps": 10,
  "n_thermalization": 200,
  "plaq_mean": 0.8081844171101693,
  "rand_seed": 2025,
  "run_time_sec": 965.3221867084503,
  "save_tag": "base_train_b3.0_L16_2025",
  "step_size_tuned": false,
  "therm_acceptance_rate": 0.815,
  "thermalization_time_sec": 107.05733633041382,
  "topo_mean": -0.03125,
  "topo_std": 1.6577234012343556,
  "total_time_sec": 1072.5154707431793,
  "train_beta": 3.0
}
