{
  "acceptance_rate": 0.83251953125,
  "backend": "jax",
  "beta": 3.0,
  "device": "gpu",
  "ft_step_size": 0.35,
  "initial_ft_step_size": 0.35,
  "lattice_size": 16,
  "model_load_time_sec": 0.13071703910827637,
  "model_tag": "base",
  "n_configs": 2048,
  "n_steps": 10,
  "n_thermalization": 200,
  "plaq_mean": 0.809304883092409,
  "rand_seed": 1107,
  "run_time_sec": 990.8109469413757,
  "save_tag": "base_train_b3.0_L16_1107",
  "step_size_tuned": false,
  "therm_acceptance_rate": 0.835,
  "thermalization_time_sec": 107.74787282943726,
  "topo_mean": -0.09326171875,
  "topo_std": 1.6888286163983,
  "total_time_sec": 1098.6895368099213,
  "train_beta": 3.0
}
