{
  "acceptance_rate": 0.83935546875,
  "backend": "jax",
  "beta": 3.0,
  "device": "gpu",
  "ft_step_size": 0.35,
  "initial_ft_step_size": 0.35,
  "lattice_size": 16,
  "model_load_time_sec": 0.13470673561096191,
  "model_tag": "base",
  "n_configs": 2048,
  "n_steps": 10,
  "n_thermalization": 200,
  "plaq_mean": 0.8105813906586263,
  "rand_seed": 2008,
  "run_time_sec": 969.258543252945,
  "save_tag": "base_train_b3.0_L16_2008",
  "step_size_tuned": false,
  "therm_acceptance_rate": 0.8,
  "thermalization_time_sec": 114.08961844444275,
  "topo_mean": -0.0927734375,
  "topo_std": 1.6861066363947548,
  "total_time_sec": 1083.4828684329987,
  "train_beta": 3.0
}
