{
  "acceptance_rate": 0.8154296875,
  "backend": "jax",
  "beta": 3.0,
  "device": "gpu",
  "ft_step_size": 0.35,
  "initial_ft_step_size": 0.35,
  "lattice_size": 16,
  "model_load_time_sec": 0.1262836456298828,
  "model_tag": "base",
  "n_configs": 2048,
  "n_steps": 10,
  "n_thermalization": 200,
  "plaq_mean": 0.8098609758308157,
  "rand_seed": 2017,
  "run_time_sec": 965.2548906803131,
  "save_tag": "base_train_b3.0_L16_2017",
  "step_size_tuned": false,
  "therm_acceptance_rate": 0.825,
  "thermalization_time_sec": 106.68789005279541,
  "topo_mean": 0.08837890625,
  "topo_std": 1.6722405292541063,
  "total_time_sec": 1072.0690643787384,
  "train_beta": 3.0
}
