beta,ft_step_size,accept_rate,n_configs,seed
16.0,0.08,8.125000e-01,32,1029
16.0,0.10,8.437500e-01,32,1029
16.0,0.12,6.875000e-01,32,1029
